cluster,size,err
0,25,0.42905
1,5,0.320522
2,12,0.39927
3,8,0.389856
4,1,0.316698
5,2,0.31363
6,1,0.311168
7,3,0.33654
8,7,0.37572
