cluster,size,err
0,25,0.07855290
1,5,0.27424685
2,12,0.27024735
3,8,0.28172079
4,1,0.12849698
5,2,0.46898315
6,1,0.11099674
7,3,0.25510339
8,7,0.40471638
