cluster,size,err
0,602,0.39391
1,128,0.34856
2,2,0.0233898
3,3,0.0390464
4,2,0.0419546
