cluster,size,err
0,602,0.20219709
1,128,0.26604956
2,2,0.11049733
3,3,0.25499327
4,2,0.25499252
