cluster,size,ssim
0,154,0.0605765
1,23,0.0731465
2,32,0.0319814
3,20,0.065561
4,6,0.235974
