cluster,size,ssim
0,154,0.0605765
1,23,0.050435
2,32,0.0442773
3,20,0.0902375
4,6,0.210397
