cluster,size,ssim
0,14,0.0605765
1,4,0.09511
2,4,0.161227
3,9,0.056966
4,1,0.556285
5,1,0.53732
6,1,0.515275
7,1,0.558775
8,1,0.481888
9,1,0.458899
