cluster,size,ssim
0,207,0.0605765
1,43,0.0332776
2,22,0.0684805
3,7,0.181045
