cluster,size,ssim
0,154,0.0605765
1,23,0.052905
2,32,0.054565
3,20,0.064077
4,6,0.227341
