cluster,size,ssim
0,207,0.067884
1,43,0.004966
2,22,0.014838
3,7,0.056625
