cluster,size,ssim
0,14,0.0605765
1,4,0.117416
2,4,0.147944
3,9,0.077066
4,1,0.520805
5,1,0.491181
6,1,0.54099
7,1,0.58124
8,1,0.44043
9,1,0.438119
