cluster,ssim
9,0.056625
8,0.061708
7,0.054215
6,0.073221
5,0.314975
4,0.102847
3,0.191451
2,0.365588
1,0.389082
0,0.166204
