size,ssim
20,0.0340603
40,-0.0307317
