cluster,size,ssim
0,154,0.046658
1,23,0.215389
2,32,0.060495
3,20,0.014838
4,6,0.056625
