cluster,ssim
9,0.280317
8,0.224831
7,0.012437
6,0.086545
5,0.024073
4,0.007142
3,0.060576
2,0.543607
1,0.700557
0,0.620254
