size,ssim
20,0.060576
40,0.060576
